rank,tier,code,name,score,rules_met,at_14:00,at_14:30,at_15:00,missed,pct_change,volume_ratio,turnover_rate,float_mcap,main_net,confidence,after_first
1,B,sh688707,振华新材,90.25331762580345,10,·,·,✓,,4.761904761904767,3.379021885751658,3.010381300609021,5484219409.9,16379431.16,High,-0.000926784059314123
2,C,sh688685,迈信林,78.78505524705324,9,✓,·,·,Turnover 3–8%,3.5516372795969753,2.785298098638137,9.107432195509228,6037072030.37,4671436.73,High,0.0031722791605661715
3,D,sz002020,京新药业,80.04177920159104,9,·,·,·,MA5 crosses above MA10,4.320987654320985,2.044636707447124,3.140897039371204,8564545403.05,47036162.0,High,0.005952380952380931
4,D,sz300006,莱美药业,79.19697297725699,9,·,·,·,MA5 crosses above MA10,4.9056603773584895,1.3286652034869364,3.261339121552413,5870364192.879999,23114224.0,High,0.007246376811594235
5,D,sz300009,安科生物,77.30939606031973,9,·,·,·,MA5 crosses above MA10,3.4855769230769162,1.4619200574614268,3.5386321114184573,10597873166.58,45859712.65,High,-0.002317497103128785
6,D,sz002382,蓝帆医疗,77.01786039881327,9,·,·,·,MA5 crosses above MA10,3.606557377049202,1.8569647213349507,3.077534497570304,6306046874.64,6663615.54,High,0.004769475357710773
7,D,sz300363,博腾股份,74.00890319947773,9,·,·,·,MA5 crosses above MA10,4.111911827045356,1.0373906917063502,4.566248244047124,12227966815.599998,60651662.2,High,0.0004073319755599769
8,D,sz000498,山东路桥,72.82345401060357,9,·,·,·,MA5 crosses above MA10,4.634581105169344,1.202604479176204,3.5706060857047066,8507671462.7300005,13350027.19,High,-0.00170068027210879
9,D,sh603456,九洲药业,67.89685973476341,9,·,·,·,MA5 crosses above MA10,3.0135301353013455,1.1285777843689753,3.042105522701527,14665377209.0,41048050.99,High,-0.0011926058437685683
10,D,sh601811,新华文轩,66.22998043025541,9,·,·,·,MA5 crosses above MA10,3.6818851251841034,1.9498878232417218,7.258860576390646,16725010368.0,60486948.15,High,-0.009845288326300827
11,D,sz300171,东富龙,63.47936880250473,9,·,·,·,MA5 crosses above MA10,3.3333333333333215,1.0526380355833338,4.0749624661688255,9341075265.36,40164650.0,High,-0.0024286581663630624
12,D,sh603657,春光科技,59.970550788734876,9,·,·,·,MA5 crosses above MA10,4.276663146779303,1.5276167215063272,6.236479681751726,5340006975.0,9663953.0,High,-0.017901541521631037
